EmployeeID,Name,Department,Role,AccessLevel
1,Emp_1,Security,Admin,Low
2,Emp_2,Operations,Admin,Low
3,Emp_3,HR,Admin,Medium
4,Emp_4,Operations,Admin,Medium
5,Emp_5,Operations,Admin,Low
6,Emp_6,Finance,Analyst,High
7,Emp_7,HR,Admin,Low
8,Emp_8,HR,Analyst,Medium
9,Emp_9,HR,Admin,Medium
10,Emp_10,Operations,Manager,High
11,Emp_11,Security,Engineer,Medium
12,Emp_12,HR,Analyst,High
13,Emp_13,Operations,Admin,Low
14,Emp_14,Finance,Manager,High
15,Emp_15,Security,Engineer,Low
16,Emp_16,Finance,Analyst,High
17,Emp_17,Security,Engineer,Medium
18,Emp_18,Operations,Manager,High
19,Emp_19,IT,Analyst,Low
20,Emp_20,Security,Engineer,Medium
21,Emp_21,Finance,Admin,Medium
22,Emp_22,Operations,Analyst,Medium
23,Emp_23,Security,Engineer,Low
24,Emp_24,IT,Manager,Low
25,Emp_25,IT,Manager,Low
26,Emp_26,HR,Analyst,Low
27,Emp_27,HR,Engineer,High
28,Emp_28,Finance,Analyst,Low
29,Emp_29,Security,Analyst,High
30,Emp_30,Security,Engineer,Low
31,Emp_31,HR,Engineer,Low
32,Emp_32,Security,Admin,Medium
33,Emp_33,Security,Engineer,Medium
34,Emp_34,IT,Manager,Low
35,Emp_35,HR,Analyst,Medium
36,Emp_36,Operations,Analyst,Medium
37,Emp_37,HR,Manager,Low
38,Emp_38,Operations,Engineer,High
39,Emp_39,IT,Manager,High
40,Emp_40,Finance,Manager,Medium
41,Emp_41,Security,Admin,Low
42,Emp_42,IT,Manager,Medium
43,Emp_43,Security,Analyst,Low
44,Emp_44,Finance,Manager,Low
45,Emp_45,Finance,Analyst,Low
46,Emp_46,IT,Analyst,Low
47,Emp_47,Finance,Analyst,High
48,Emp_48,Operations,Engineer,Medium
49,Emp_49,Finance,Admin,Medium
50,Emp_50,Security,Analyst,Low
51,Emp_51,Security,Analyst,Low
52,Emp_52,Security,Engineer,Low
53,Emp_53,Security,Analyst,High
54,Emp_54,Operations,Manager,Low
55,Emp_55,HR,Manager,High
56,Emp_56,IT,Admin,Medium
57,Emp_57,Security,Analyst,Low
58,Emp_58,Finance,Engineer,Medium
59,Emp_59,Security,Manager,Low
60,Emp_60,Finance,Engineer,High
61,Emp_61,Finance,Engineer,High
62,Emp_62,Security,Manager,Low
63,Emp_63,Operations,Engineer,Low
64,Emp_64,Finance,Manager,Medium
65,Emp_65,Finance,Engineer,High
66,Emp_66,Security,Manager,Low
67,Emp_67,Finance,Analyst,Medium
68,Emp_68,Finance,Admin,Medium
69,Emp_69,Security,Manager,Medium
70,Emp_70,Security,Manager,Low
71,Emp_71,IT,Admin,Medium
72,Emp_72,Operations,Manager,High
73,Emp_73,Operations,Manager,Low
74,Emp_74,Finance,Engineer,Low
75,Emp_75,Operations,Admin,High
76,Emp_76,Finance,Analyst,Low
77,Emp_77,IT,Manager,High
78,Emp_78,Security,Admin,Low
79,Emp_79,Security,Engineer,Low
80,Emp_80,Security,Analyst,High
81,Emp_81,Operations,Admin,Low
82,Emp_82,IT,Analyst,Medium
83,Emp_83,Operations,Analyst,Low
84,Emp_84,Operations,Analyst,Medium
85,Emp_85,IT,Manager,Low
86,Emp_86,IT,Manager,Low
87,Emp_87,IT,Engineer,High
88,Emp_88,IT,Engineer,Low
89,Emp_89,Security,Admin,Medium
90,Emp_90,HR,Engineer,Low
91,Emp_91,HR,Analyst,Medium
92,Emp_92,IT,Analyst,Low
93,Emp_93,HR,Manager,High
94,Emp_94,HR,Analyst,Low
95,Emp_95,IT,Admin,Low
96,Emp_96,HR,Analyst,Low
97,Emp_97,Operations,Analyst,Low
98,Emp_98,Finance,Admin,Medium
99,Emp_99,Finance,Engineer,Low
100,Emp_100,IT,Engineer,High
101,Emp_101,Security,Admin,Low
102,Emp_102,IT,Manager,Low
103,Emp_103,Security,Analyst,Medium
104,Emp_104,Finance,Admin,Medium
105,Emp_105,IT,Analyst,Low
106,Emp_106,Operations,Manager,Low
107,Emp_107,HR,Analyst,Low
108,Emp_108,Security,Admin,Medium
109,Emp_109,HR,Analyst,Medium
110,Emp_110,HR,Engineer,Low
111,Emp_111,IT,Manager,High
112,Emp_112,HR,Manager,High
113,Emp_113,Operations,Manager,Medium
114,Emp_114,HR,Admin,High
115,Emp_115,IT,Manager,Low
116,Emp_116,Operations,Engineer,Low
117,Emp_117,Finance,Admin,Low
118,Emp_118,HR,Engineer,Low
119,Emp_119,IT,Analyst,Medium
120,Emp_120,Finance,Analyst,High
121,Emp_121,Finance,Analyst,Low
122,Emp_122,Security,Analyst,Low
123,Emp_123,Operations,Engineer,Low
124,Emp_124,HR,Admin,High
125,Emp_125,IT,Admin,Low
126,Emp_126,Security,Manager,Medium
127,Emp_127,Operations,Engineer,Low
128,Emp_128,Security,Analyst,Low
129,Emp_129,Operations,Engineer,High
130,Emp_130,Operations,Manager,High
131,Emp_131,HR,Manager,Low
132,Emp_132,Operations,Engineer,High
133,Emp_133,Security,Engineer,Medium
134,Emp_134,Operations,Engineer,High
135,Emp_135,HR,Admin,Low
136,Emp_136,HR,Analyst,Medium
137,Emp_137,Security,Engineer,Low
138,Emp_138,Finance,Engineer,Medium
139,Emp_139,Finance,Engineer,Low
140,Emp_140,Operations,Manager,Low
141,Emp_141,IT,Manager,Low
142,Emp_142,Operations,Admin,Medium
143,Emp_143,Security,Analyst,Low
144,Emp_144,Security,Admin,Medium
145,Emp_145,Security,Analyst,High
146,Emp_146,Security,Manager,Low
147,Emp_147,Security,Manager,Medium
148,Emp_148,HR,Manager,Low
149,Emp_149,Finance,Admin,High
150,Emp_150,Security,Engineer,Low
151,Emp_151,IT,Engineer,Medium
152,Emp_152,IT,Manager,High
153,Emp_153,IT,Engineer,High
154,Emp_154,IT,Engineer,Medium
155,Emp_155,HR,Admin,Low
156,Emp_156,IT,Analyst,Medium
157,Emp_157,Security,Manager,High
158,Emp_158,Operations,Manager,Medium
159,Emp_159,IT,Admin,Low
160,Emp_160,HR,Admin,High
161,Emp_161,HR,Engineer,Medium
162,Emp_162,IT,Manager,Medium
163,Emp_163,Operations,Analyst,Low
164,Emp_164,IT,Admin,Medium
165,Emp_165,HR,Analyst,Low
166,Emp_166,Finance,Analyst,Medium
167,Emp_167,Security,Manager,Low
168,Emp_168,HR,Manager,Medium
169,Emp_169,IT,Admin,High
170,Emp_170,Security,Manager,Low
171,Emp_171,IT,Manager,High
172,Emp_172,IT,Manager,Low
173,Emp_173,Finance,Analyst,High
174,Emp_174,Security,Admin,Medium
175,Emp_175,Security,Engineer,Medium
176,Emp_176,Finance,Analyst,Medium
177,Emp_177,HR,Manager,High
178,Emp_178,IT,Analyst,Low
179,Emp_179,Operations,Manager,Low
180,Emp_180,IT,Manager,Medium
181,Emp_181,IT,Analyst,High
182,Emp_182,HR,Admin,Medium
183,Emp_183,IT,Manager,Medium
184,Emp_184,Finance,Admin,Low
185,Emp_185,Finance,Engineer,High
186,Emp_186,Security,Manager,Low
187,Emp_187,Operations,Admin,Medium
188,Emp_188,IT,Admin,Low
189,Emp_189,IT,Engineer,Low
190,Emp_190,HR,Admin,Low
191,Emp_191,Finance,Admin,Low
192,Emp_192,Operations,Engineer,Medium
193,Emp_193,Security,Manager,Low
194,Emp_194,Finance,Admin,Low
195,Emp_195,Security,Admin,Low
196,Emp_196,HR,Admin,Low
197,Emp_197,HR,Analyst,Low
198,Emp_198,IT,Engineer,Low
199,Emp_199,Operations,Analyst,Medium
200,Emp_200,Security,Engineer,Medium
201,Emp_201,Finance,Manager,Medium
202,Emp_202,HR,Manager,Low
203,Emp_203,IT,Admin,Low
204,Emp_204,IT,Engineer,High
205,Emp_205,Security,Manager,Medium
206,Emp_206,HR,Engineer,Low
207,Emp_207,Operations,Manager,Low
208,Emp_208,HR,Analyst,Low
209,Emp_209,Security,Manager,Low
210,Emp_210,Security,Analyst,Low
211,Emp_211,HR,Manager,Medium
212,Emp_212,Security,Admin,Medium
213,Emp_213,HR,Analyst,Medium
214,Emp_214,Finance,Manager,Medium
215,Emp_215,HR,Admin,High
216,Emp_216,HR,Analyst,Medium
217,Emp_217,Security,Admin,High
218,Emp_218,Security,Engineer,Low
219,Emp_219,IT,Engineer,Low
220,Emp_220,IT,Analyst,Low
221,Emp_221,Finance,Manager,Medium
222,Emp_222,IT,Analyst,High
223,Emp_223,HR,Admin,Low
224,Emp_224,Security,Manager,High
225,Emp_225,IT,Engineer,Low
226,Emp_226,IT,Manager,High
227,Emp_227,Finance,Engineer,Low
228,Emp_228,Finance,Manager,Low
229,Emp_229,HR,Manager,Low
230,Emp_230,Security,Manager,Low
231,Emp_231,Finance,Admin,Low
232,Emp_232,IT,Admin,Low
233,Emp_233,Security,Analyst,High
234,Emp_234,Security,Analyst,Medium
235,Emp_235,IT,Engineer,Low
236,Emp_236,Finance,Admin,Medium
237,Emp_237,IT,Engineer,Medium
238,Emp_238,Security,Analyst,Low
239,Emp_239,Operations,Engineer,Low
240,Emp_240,Operations,Analyst,Low
241,Emp_241,HR,Admin,Low
242,Emp_242,IT,Manager,Medium
243,Emp_243,IT,Admin,Low
244,Emp_244,HR,Engineer,Medium
245,Emp_245,HR,Engineer,Medium
246,Emp_246,HR,Admin,Low
247,Emp_247,Security,Admin,Medium
248,Emp_248,IT,Analyst,Low
249,Emp_249,Security,Engineer,High
250,Emp_250,HR,Engineer,Low
251,Emp_251,IT,Admin,High
252,Emp_252,Security,Manager,Medium
253,Emp_253,Security,Engineer,Low
254,Emp_254,HR,Manager,Medium
255,Emp_255,IT,Admin,High
256,Emp_256,HR,Admin,Medium
257,Emp_257,IT,Analyst,High
258,Emp_258,Operations,Engineer,High
259,Emp_259,Finance,Manager,Low
260,Emp_260,Finance,Analyst,Low
261,Emp_261,Finance,Engineer,Medium
262,Emp_262,HR,Analyst,Low
263,Emp_263,Operations,Admin,High
264,Emp_264,IT,Engineer,High
265,Emp_265,Security,Analyst,Low
266,Emp_266,IT,Analyst,Low
267,Emp_267,Security,Manager,Medium
268,Emp_268,IT,Analyst,Low
269,Emp_269,Operations,Engineer,High
270,Emp_270,Security,Engineer,Low
271,Emp_271,HR,Manager,Medium
272,Emp_272,IT,Engineer,Low
273,Emp_273,IT,Admin,Medium
274,Emp_274,Security,Engineer,Low
275,Emp_275,HR,Engineer,Medium
276,Emp_276,HR,Analyst,Low
277,Emp_277,Operations,Analyst,Medium
278,Emp_278,HR,Engineer,High
279,Emp_279,HR,Manager,Low
280,Emp_280,HR,Analyst,Low
281,Emp_281,Finance,Manager,Low
282,Emp_282,Operations,Engineer,Medium
283,Emp_283,IT,Engineer,Medium
284,Emp_284,Security,Admin,Medium
285,Emp_285,IT,Analyst,Low
286,Emp_286,Operations,Engineer,Low
287,Emp_287,Security,Admin,Medium
288,Emp_288,Operations,Analyst,Low
289,Emp_289,HR,Engineer,High
290,Emp_290,Security,Engineer,Low
291,Emp_291,HR,Analyst,Medium
292,Emp_292,IT,Analyst,Low
293,Emp_293,IT,Analyst,Low
294,Emp_294,Security,Engineer,Medium
295,Emp_295,Security,Engineer,Medium
296,Emp_296,Operations,Admin,High
297,Emp_297,Operations,Manager,Low
298,Emp_298,HR,Analyst,Low
299,Emp_299,Security,Engineer,Medium
300,Emp_300,IT,Engineer,Medium
301,Emp_301,Operations,Analyst,Low
302,Emp_302,Operations,Manager,Low
303,Emp_303,IT,Analyst,Low
304,Emp_304,Operations,Manager,High
305,Emp_305,HR,Engineer,Low
306,Emp_306,Security,Manager,Low
307,Emp_307,IT,Admin,Low
308,Emp_308,Security,Engineer,Low
309,Emp_309,Operations,Admin,Low
310,Emp_310,Operations,Analyst,Medium
311,Emp_311,IT,Analyst,Low
312,Emp_312,HR,Analyst,High
313,Emp_313,Finance,Manager,Low
314,Emp_314,IT,Engineer,Medium
315,Emp_315,Finance,Analyst,High
316,Emp_316,Finance,Analyst,Medium
317,Emp_317,HR,Engineer,Medium
318,Emp_318,Finance,Analyst,Low
319,Emp_319,Finance,Admin,Low
320,Emp_320,HR,Engineer,Medium
321,Emp_321,Finance,Engineer,High
322,Emp_322,Finance,Engineer,Medium
323,Emp_323,Finance,Admin,Medium
324,Emp_324,IT,Engineer,Medium
325,Emp_325,IT,Admin,Low
326,Emp_326,IT,Engineer,Low
327,Emp_327,HR,Manager,Medium
328,Emp_328,Operations,Analyst,High
329,Emp_329,Finance,Manager,Low
330,Emp_330,Finance,Analyst,Medium
331,Emp_331,HR,Admin,Low
332,Emp_332,Finance,Manager,Medium
333,Emp_333,IT,Engineer,Low
334,Emp_334,Operations,Analyst,Low
335,Emp_335,Security,Analyst,Medium
336,Emp_336,Finance,Manager,Low
337,Emp_337,IT,Admin,Medium
338,Emp_338,Security,Manager,Medium
339,Emp_339,Operations,Admin,High
340,Emp_340,Security,Admin,Low
341,Emp_341,IT,Analyst,Low
342,Emp_342,Security,Manager,Low
343,Emp_343,HR,Manager,High
344,Emp_344,Security,Admin,High
345,Emp_345,Finance,Manager,Medium
346,Emp_346,Finance,Engineer,High
347,Emp_347,HR,Engineer,Medium
348,Emp_348,IT,Manager,Medium
349,Emp_349,Finance,Manager,Low
350,Emp_350,Operations,Admin,Medium
351,Emp_351,Finance,Engineer,Low
352,Emp_352,Finance,Engineer,High
353,Emp_353,IT,Analyst,Medium
354,Emp_354,Security,Admin,Medium
355,Emp_355,Finance,Analyst,Low
356,Emp_356,HR,Engineer,Low
357,Emp_357,Security,Admin,Low
358,Emp_358,Operations,Manager,Low
359,Emp_359,IT,Admin,Low
360,Emp_360,Operations,Manager,High
361,Emp_361,Security,Manager,Medium
362,Emp_362,Security,Admin,Low
363,Emp_363,Security,Manager,Low
364,Emp_364,Operations,Analyst,Low
365,Emp_365,Security,Engineer,Medium
366,Emp_366,Operations,Manager,Medium
367,Emp_367,Security,Analyst,High
368,Emp_368,HR,Manager,Low
369,Emp_369,Security,Engineer,High
370,Emp_370,Operations,Analyst,High
371,Emp_371,Finance,Engineer,Low
372,Emp_372,Security,Engineer,High
373,Emp_373,Finance,Analyst,Low
374,Emp_374,HR,Analyst,High
375,Emp_375,IT,Analyst,Low
376,Emp_376,HR,Admin,High
377,Emp_377,Security,Analyst,High
378,Emp_378,Finance,Analyst,High
379,Emp_379,Finance,Analyst,Medium
380,Emp_380,Operations,Analyst,Low
381,Emp_381,Finance,Manager,Low
382,Emp_382,Operations,Admin,Low
383,Emp_383,IT,Engineer,Low
384,Emp_384,Security,Analyst,Medium
385,Emp_385,Operations,Manager,Low
386,Emp_386,IT,Manager,High
387,Emp_387,Finance,Manager,Medium
388,Emp_388,Finance,Engineer,High
389,Emp_389,IT,Analyst,Low
390,Emp_390,Finance,Admin,High
391,Emp_391,IT,Admin,High
392,Emp_392,Operations,Manager,Low
393,Emp_393,Operations,Engineer,Medium
394,Emp_394,IT,Engineer,Medium
395,Emp_395,Operations,Engineer,Low
396,Emp_396,Operations,Admin,Medium
397,Emp_397,Operations,Manager,Low
398,Emp_398,HR,Analyst,Low
399,Emp_399,Security,Admin,Low
400,Emp_400,Finance,Manager,Low
401,Emp_401,HR,Manager,Low
402,Emp_402,Operations,Analyst,Low
403,Emp_403,IT,Analyst,High
404,Emp_404,Operations,Analyst,Medium
405,Emp_405,Security,Engineer,High
406,Emp_406,Operations,Analyst,Low
407,Emp_407,IT,Manager,Low
408,Emp_408,Security,Analyst,Medium
409,Emp_409,Operations,Manager,Low
410,Emp_410,Security,Admin,Low
411,Emp_411,Finance,Engineer,Medium
412,Emp_412,Finance,Admin,Low
413,Emp_413,Operations,Admin,Medium
414,Emp_414,Security,Manager,Medium
415,Emp_415,IT,Admin,Low
416,Emp_416,Operations,Manager,Low
417,Emp_417,Finance,Analyst,Medium
418,Emp_418,Finance,Analyst,Low
419,Emp_419,Operations,Manager,Low
420,Emp_420,Security,Analyst,High
421,Emp_421,Finance,Engineer,Low
422,Emp_422,Security,Admin,Medium
423,Emp_423,Finance,Engineer,High
424,Emp_424,Finance,Admin,Low
425,Emp_425,HR,Analyst,Low
426,Emp_426,Finance,Engineer,Low
427,Emp_427,IT,Analyst,Low
428,Emp_428,Operations,Admin,Low
429,Emp_429,Operations,Manager,Medium
430,Emp_430,Security,Manager,Low
431,Emp_431,Finance,Engineer,Medium
432,Emp_432,IT,Analyst,High
433,Emp_433,Security,Analyst,High
434,Emp_434,HR,Engineer,Medium
435,Emp_435,Security,Manager,Low
436,Emp_436,Security,Admin,Medium
437,Emp_437,Finance,Engineer,Medium
438,Emp_438,HR,Admin,Low
439,Emp_439,Security,Manager,Low
440,Emp_440,IT,Analyst,High
441,Emp_441,IT,Manager,Low
442,Emp_442,Operations,Engineer,Low
443,Emp_443,HR,Analyst,Low
444,Emp_444,HR,Engineer,Low
445,Emp_445,Operations,Engineer,High
446,Emp_446,Security,Manager,Medium
447,Emp_447,HR,Engineer,Medium
448,Emp_448,IT,Manager,Low
449,Emp_449,IT,Analyst,Low
450,Emp_450,Finance,Manager,Low
451,Emp_451,HR,Analyst,Low
452,Emp_452,Security,Manager,Low
453,Emp_453,Operations,Admin,Medium
454,Emp_454,Operations,Admin,Low
455,Emp_455,Security,Engineer,Medium
456,Emp_456,Finance,Manager,Low
457,Emp_457,Operations,Manager,Low
458,Emp_458,HR,Analyst,Low
459,Emp_459,Finance,Engineer,High
460,Emp_460,HR,Manager,High
461,Emp_461,IT,Engineer,High
462,Emp_462,Finance,Admin,Low
463,Emp_463,Operations,Manager,Low
464,Emp_464,Finance,Manager,Medium
465,Emp_465,Finance,Engineer,Low
466,Emp_466,Finance,Manager,High
467,Emp_467,Finance,Engineer,Low
468,Emp_468,HR,Manager,Low
469,Emp_469,IT,Analyst,Low
470,Emp_470,Security,Engineer,Low
471,Emp_471,Finance,Manager,Medium
472,Emp_472,Operations,Admin,Low
473,Emp_473,Finance,Manager,Low
474,Emp_474,Operations,Admin,Low
475,Emp_475,HR,Admin,Low
476,Emp_476,Operations,Analyst,Medium
477,Emp_477,Security,Engineer,High
478,Emp_478,IT,Manager,High
479,Emp_479,Operations,Analyst,Medium
480,Emp_480,Operations,Manager,Low
481,Emp_481,IT,Admin,Medium
482,Emp_482,Security,Engineer,Low
483,Emp_483,Finance,Manager,Low
484,Emp_484,Operations,Manager,High
485,Emp_485,IT,Admin,Low
486,Emp_486,HR,Manager,High
487,Emp_487,IT,Manager,Low
488,Emp_488,HR,Admin,Medium
489,Emp_489,Security,Analyst,Medium
490,Emp_490,Finance,Admin,High
491,Emp_491,IT,Analyst,Medium
492,Emp_492,Operations,Engineer,Medium
493,Emp_493,Security,Analyst,Low
494,Emp_494,IT,Analyst,Medium
495,Emp_495,Operations,Engineer,Low
496,Emp_496,IT,Analyst,Medium
497,Emp_497,HR,Admin,Medium
498,Emp_498,IT,Analyst,Medium
499,Emp_499,IT,Engineer,Low
500,Emp_500,IT,Admin,Low
501,Emp_501,Security,Engineer,Medium
502,Emp_502,IT,Engineer,Low
503,Emp_503,Operations,Manager,Low
504,Emp_504,HR,Manager,Low
505,Emp_505,HR,Engineer,High
506,Emp_506,IT,Engineer,Medium
507,Emp_507,Security,Engineer,Low
508,Emp_508,Security,Manager,Low
509,Emp_509,Operations,Manager,Low
510,Emp_510,IT,Analyst,Medium
511,Emp_511,HR,Analyst,Medium
512,Emp_512,Security,Engineer,Low
513,Emp_513,IT,Admin,Low
514,Emp_514,Security,Admin,Low
515,Emp_515,Security,Manager,Medium
516,Emp_516,HR,Manager,Medium
517,Emp_517,Finance,Manager,Low
518,Emp_518,Operations,Engineer,Low
519,Emp_519,Operations,Admin,Low
520,Emp_520,HR,Analyst,High
521,Emp_521,Security,Engineer,Low
522,Emp_522,IT,Analyst,Medium
523,Emp_523,Security,Analyst,Medium
524,Emp_524,HR,Engineer,Low
525,Emp_525,Operations,Analyst,Low
526,Emp_526,Security,Admin,Low
527,Emp_527,Operations,Analyst,Medium
528,Emp_528,IT,Admin,Medium
529,Emp_529,Operations,Admin,Medium
530,Emp_530,Operations,Admin,Medium
531,Emp_531,Finance,Manager,Low
532,Emp_532,Finance,Analyst,High
533,Emp_533,Finance,Engineer,Medium
534,Emp_534,Operations,Engineer,Low
535,Emp_535,HR,Analyst,High
536,Emp_536,Operations,Manager,Medium
537,Emp_537,HR,Manager,Medium
538,Emp_538,HR,Admin,Medium
539,Emp_539,Finance,Analyst,High
540,Emp_540,Security,Analyst,Medium
541,Emp_541,IT,Engineer,Low
542,Emp_542,Finance,Analyst,Low
543,Emp_543,Finance,Manager,High
544,Emp_544,Security,Analyst,Low
545,Emp_545,IT,Engineer,Low
546,Emp_546,Operations,Admin,Low
547,Emp_547,Operations,Engineer,Low
548,Emp_548,Finance,Engineer,Medium
549,Emp_549,IT,Admin,High
550,Emp_550,Finance,Engineer,Low
551,Emp_551,HR,Engineer,Low
552,Emp_552,Finance,Analyst,Low
553,Emp_553,Finance,Analyst,High
554,Emp_554,Operations,Admin,Medium
555,Emp_555,Operations,Analyst,Low
556,Emp_556,Operations,Analyst,High
557,Emp_557,HR,Engineer,High
558,Emp_558,Operations,Manager,High
559,Emp_559,IT,Analyst,High
560,Emp_560,Security,Manager,Low
561,Emp_561,IT,Analyst,Medium
562,Emp_562,IT,Analyst,Low
563,Emp_563,Operations,Admin,High
564,Emp_564,Security,Admin,Medium
565,Emp_565,Security,Admin,Medium
566,Emp_566,Security,Manager,Medium
567,Emp_567,HR,Engineer,Low
568,Emp_568,Operations,Analyst,Medium
569,Emp_569,Security,Analyst,High
570,Emp_570,HR,Analyst,High
571,Emp_571,Finance,Manager,Low
572,Emp_572,Finance,Admin,Low
573,Emp_573,HR,Engineer,Low
574,Emp_574,HR,Manager,Medium
575,Emp_575,Operations,Admin,High
576,Emp_576,Operations,Manager,Low
577,Emp_577,Finance,Engineer,Medium
578,Emp_578,Security,Admin,High
579,Emp_579,Finance,Manager,Medium
580,Emp_580,Security,Engineer,Medium
581,Emp_581,Security,Analyst,Medium
582,Emp_582,Operations,Engineer,Medium
583,Emp_583,IT,Analyst,Low
584,Emp_584,IT,Manager,Medium
585,Emp_585,HR,Admin,Medium
586,Emp_586,Operations,Admin,High
587,Emp_587,Security,Manager,Medium
588,Emp_588,IT,Admin,Medium
589,Emp_589,Security,Admin,Low
590,Emp_590,IT,Analyst,Low
591,Emp_591,IT,Manager,Low
592,Emp_592,IT,Engineer,Low
593,Emp_593,Operations,Analyst,Medium
594,Emp_594,Finance,Manager,High
595,Emp_595,Security,Analyst,Low
596,Emp_596,Operations,Engineer,Low
597,Emp_597,Operations,Engineer,High
598,Emp_598,Operations,Manager,Low
599,Emp_599,Operations,Engineer,Medium
600,Emp_600,Operations,Analyst,Medium
601,Emp_601,HR,Engineer,Medium
602,Emp_602,Security,Analyst,Low
603,Emp_603,Operations,Analyst,Low
604,Emp_604,Security,Engineer,Medium
605,Emp_605,HR,Manager,Medium
606,Emp_606,HR,Admin,Low
607,Emp_607,Security,Engineer,Medium
608,Emp_608,IT,Analyst,Low
609,Emp_609,Finance,Analyst,Medium
610,Emp_610,IT,Engineer,Low
611,Emp_611,IT,Manager,High
612,Emp_612,IT,Manager,Low
613,Emp_613,Operations,Analyst,Low
614,Emp_614,HR,Analyst,Low
615,Emp_615,IT,Manager,Low
616,Emp_616,HR,Admin,High
617,Emp_617,Security,Engineer,High
618,Emp_618,Finance,Analyst,Low
619,Emp_619,Security,Analyst,Low
620,Emp_620,Security,Manager,Medium
621,Emp_621,Operations,Engineer,High
622,Emp_622,Finance,Manager,Medium
623,Emp_623,Security,Engineer,Low
624,Emp_624,Security,Engineer,Low
625,Emp_625,Finance,Engineer,Medium
626,Emp_626,Finance,Analyst,Low
627,Emp_627,Security,Admin,Medium
628,Emp_628,Finance,Manager,Low
629,Emp_629,Security,Admin,Medium
630,Emp_630,Security,Manager,Low
631,Emp_631,Operations,Engineer,Medium
632,Emp_632,IT,Analyst,Low
633,Emp_633,Security,Admin,Medium
634,Emp_634,HR,Analyst,Low
635,Emp_635,IT,Manager,Medium
636,Emp_636,IT,Analyst,Medium
637,Emp_637,IT,Analyst,Medium
638,Emp_638,Operations,Admin,Medium
639,Emp_639,Security,Engineer,Medium
640,Emp_640,Operations,Analyst,High
641,Emp_641,Security,Engineer,Low
642,Emp_642,Operations,Manager,High
643,Emp_643,Operations,Analyst,Low
644,Emp_644,HR,Admin,Low
645,Emp_645,Operations,Manager,Low
646,Emp_646,Finance,Manager,Low
647,Emp_647,HR,Admin,Medium
648,Emp_648,Operations,Analyst,Medium
649,Emp_649,IT,Analyst,Medium
650,Emp_650,Finance,Manager,Medium
651,Emp_651,Finance,Analyst,Low
652,Emp_652,Finance,Engineer,Low
653,Emp_653,HR,Admin,Low
654,Emp_654,Operations,Engineer,Low
655,Emp_655,Operations,Analyst,Low
656,Emp_656,IT,Manager,Low
657,Emp_657,IT,Admin,Medium
658,Emp_658,Finance,Analyst,Medium
659,Emp_659,IT,Analyst,High
660,Emp_660,HR,Manager,High
661,Emp_661,Operations,Manager,Medium
662,Emp_662,Finance,Engineer,Low
663,Emp_663,IT,Admin,Medium
664,Emp_664,HR,Admin,Medium
665,Emp_665,HR,Manager,Low
666,Emp_666,IT,Engineer,Low
667,Emp_667,Operations,Admin,High
668,Emp_668,IT,Manager,Low
669,Emp_669,Finance,Analyst,Medium
670,Emp_670,IT,Admin,Medium
671,Emp_671,HR,Engineer,Low
672,Emp_672,IT,Engineer,Low
673,Emp_673,Operations,Engineer,Low
674,Emp_674,Security,Analyst,Low
675,Emp_675,IT,Admin,Low
676,Emp_676,Operations,Admin,High
677,Emp_677,Operations,Analyst,Low
678,Emp_678,HR,Admin,Medium
679,Emp_679,Operations,Analyst,Low
680,Emp_680,Operations,Analyst,High
681,Emp_681,Operations,Analyst,Low
682,Emp_682,Operations,Engineer,Low
683,Emp_683,Finance,Admin,High
684,Emp_684,Finance,Analyst,High
685,Emp_685,HR,Admin,Low
686,Emp_686,IT,Engineer,High
687,Emp_687,Operations,Analyst,Low
688,Emp_688,IT,Manager,Low
689,Emp_689,IT,Engineer,Low
690,Emp_690,HR,Manager,Low
691,Emp_691,Operations,Admin,Medium
692,Emp_692,Operations,Admin,Low
693,Emp_693,Security,Engineer,Low
694,Emp_694,IT,Admin,Medium
695,Emp_695,IT,Manager,Medium
696,Emp_696,Finance,Analyst,Low
697,Emp_697,Security,Analyst,Medium
698,Emp_698,Finance,Analyst,Low
699,Emp_699,Finance,Engineer,Medium
700,Emp_700,Finance,Admin,Medium
701,Emp_701,HR,Manager,High
702,Emp_702,HR,Admin,Low
703,Emp_703,Finance,Admin,Low
704,Emp_704,Security,Admin,Low
705,Emp_705,IT,Analyst,Low
706,Emp_706,Security,Manager,Low
707,Emp_707,Operations,Manager,High
708,Emp_708,HR,Admin,Low
709,Emp_709,IT,Analyst,Low
710,Emp_710,IT,Analyst,Medium
711,Emp_711,Operations,Manager,Low
712,Emp_712,Operations,Analyst,Medium
713,Emp_713,Finance,Analyst,Low
714,Emp_714,HR,Analyst,Low
715,Emp_715,HR,Engineer,Low
716,Emp_716,Security,Admin,Low
717,Emp_717,Finance,Manager,High
718,Emp_718,Finance,Manager,Low
719,Emp_719,Finance,Engineer,Medium
720,Emp_720,Finance,Admin,Low
721,Emp_721,HR,Manager,Low
722,Emp_722,HR,Analyst,High
723,Emp_723,Finance,Manager,Low
724,Emp_724,Security,Analyst,Medium
725,Emp_725,IT,Engineer,High
726,Emp_726,IT,Analyst,Medium
727,Emp_727,Security,Manager,High
728,Emp_728,Finance,Manager,Low
729,Emp_729,HR,Manager,Low
730,Emp_730,IT,Engineer,Low
731,Emp_731,Operations,Engineer,Medium
732,Emp_732,Operations,Admin,High
733,Emp_733,Security,Manager,Low
734,Emp_734,Finance,Analyst,Medium
735,Emp_735,IT,Engineer,Low
736,Emp_736,Finance,Manager,Medium
737,Emp_737,IT,Manager,Low
738,Emp_738,Security,Engineer,High
739,Emp_739,Security,Admin,Medium
740,Emp_740,Operations,Engineer,Low
741,Emp_741,Finance,Engineer,Low
742,Emp_742,Operations,Analyst,Low
743,Emp_743,Finance,Analyst,Low
744,Emp_744,Operations,Admin,Low
745,Emp_745,HR,Manager,High
746,Emp_746,HR,Engineer,Medium
747,Emp_747,HR,Admin,Medium
748,Emp_748,HR,Analyst,Low
749,Emp_749,IT,Engineer,High
750,Emp_750,HR,Manager,Medium
751,Emp_751,Security,Analyst,Low
752,Emp_752,Security,Analyst,Medium
753,Emp_753,IT,Analyst,Medium
754,Emp_754,HR,Admin,Low
755,Emp_755,HR,Manager,Low
756,Emp_756,HR,Engineer,Low
757,Emp_757,Operations,Admin,Low
758,Emp_758,Finance,Admin,High
759,Emp_759,Operations,Admin,High
760,Emp_760,Finance,Analyst,Medium
761,Emp_761,HR,Manager,Low
762,Emp_762,HR,Admin,Low
763,Emp_763,Operations,Engineer,Medium
764,Emp_764,Operations,Manager,Medium
765,Emp_765,Finance,Engineer,Low
766,Emp_766,Security,Manager,Medium
767,Emp_767,Finance,Engineer,High
768,Emp_768,Operations,Analyst,Low
769,Emp_769,Operations,Admin,Low
770,Emp_770,IT,Engineer,Medium
771,Emp_771,Operations,Manager,Low
772,Emp_772,IT,Admin,Low
773,Emp_773,Security,Admin,Low
774,Emp_774,Finance,Manager,Low
775,Emp_775,Finance,Engineer,Medium
776,Emp_776,IT,Analyst,Medium
777,Emp_777,Finance,Analyst,Low
778,Emp_778,Operations,Engineer,High
779,Emp_779,HR,Admin,High
780,Emp_780,IT,Admin,High
781,Emp_781,Finance,Admin,Low
782,Emp_782,IT,Admin,Low
783,Emp_783,IT,Engineer,High
784,Emp_784,HR,Admin,Medium
785,Emp_785,Operations,Manager,Low
786,Emp_786,IT,Admin,Low
787,Emp_787,Finance,Analyst,Low
788,Emp_788,Security,Admin,High
789,Emp_789,IT,Engineer,Medium
790,Emp_790,IT,Analyst,Low
791,Emp_791,HR,Engineer,Low
792,Emp_792,Operations,Engineer,Medium
793,Emp_793,Security,Analyst,High
794,Emp_794,Finance,Engineer,Low
795,Emp_795,Security,Engineer,Medium
796,Emp_796,Finance,Admin,High
797,Emp_797,Operations,Manager,Low
798,Emp_798,Finance,Engineer,Medium
799,Emp_799,HR,Engineer,Low
800,Emp_800,HR,Engineer,Medium
801,Emp_801,HR,Admin,Medium
802,Emp_802,HR,Manager,Medium
803,Emp_803,Security,Analyst,Medium
804,Emp_804,Operations,Admin,Low
805,Emp_805,Finance,Admin,High
806,Emp_806,Finance,Manager,Medium
807,Emp_807,HR,Manager,Low
808,Emp_808,HR,Admin,Medium
809,Emp_809,IT,Analyst,Medium
810,Emp_810,Operations,Admin,Low
811,Emp_811,Security,Manager,High
812,Emp_812,Finance,Analyst,High
813,Emp_813,IT,Manager,Low
814,Emp_814,IT,Analyst,High
815,Emp_815,Finance,Engineer,Low
816,Emp_816,Security,Manager,Low
817,Emp_817,IT,Manager,Low
818,Emp_818,IT,Admin,High
819,Emp_819,Operations,Manager,Medium
820,Emp_820,Security,Manager,Low
821,Emp_821,IT,Engineer,Low
822,Emp_822,Security,Manager,Medium
823,Emp_823,Finance,Engineer,Low
824,Emp_824,HR,Engineer,High
825,Emp_825,IT,Engineer,High
826,Emp_826,Operations,Engineer,Medium
827,Emp_827,Finance,Analyst,High
828,Emp_828,Security,Admin,Low
829,Emp_829,Finance,Analyst,High
830,Emp_830,IT,Manager,Medium
831,Emp_831,Security,Analyst,Medium
832,Emp_832,HR,Analyst,Low
833,Emp_833,Finance,Manager,High
834,Emp_834,IT,Manager,Low
835,Emp_835,Operations,Manager,Low
836,Emp_836,Security,Analyst,Low
837,Emp_837,Finance,Analyst,Medium
838,Emp_838,Finance,Manager,Medium
839,Emp_839,HR,Admin,Medium
840,Emp_840,HR,Admin,High
841,Emp_841,Operations,Engineer,Low
842,Emp_842,Operations,Manager,Medium
843,Emp_843,IT,Engineer,Low
844,Emp_844,IT,Admin,High
845,Emp_845,Operations,Engineer,High
846,Emp_846,Operations,Manager,Medium
847,Emp_847,Security,Manager,Medium
848,Emp_848,HR,Manager,Low
849,Emp_849,IT,Analyst,Low
850,Emp_850,HR,Engineer,High
851,Emp_851,HR,Admin,Low
852,Emp_852,Operations,Admin,Low
853,Emp_853,Security,Admin,Low
854,Emp_854,Finance,Analyst,High
855,Emp_855,Security,Analyst,Low
856,Emp_856,Security,Manager,Low
857,Emp_857,HR,Admin,Medium
858,Emp_858,Security,Analyst,High
859,Emp_859,IT,Manager,Low
860,Emp_860,HR,Admin,Low
861,Emp_861,IT,Engineer,Low
862,Emp_862,Finance,Manager,Low
863,Emp_863,HR,Analyst,Low
864,Emp_864,Finance,Analyst,Medium
865,Emp_865,HR,Manager,Medium
866,Emp_866,Operations,Manager,Medium
867,Emp_867,Security,Analyst,Low
868,Emp_868,Operations,Engineer,High
869,Emp_869,Finance,Admin,Low
870,Emp_870,Security,Engineer,High
871,Emp_871,HR,Manager,Medium
872,Emp_872,Security,Engineer,Low
873,Emp_873,IT,Analyst,Medium
874,Emp_874,Security,Manager,Low
875,Emp_875,IT,Admin,Medium
876,Emp_876,Security,Analyst,Low
877,Emp_877,IT,Analyst,Low
878,Emp_878,Finance,Admin,High
879,Emp_879,Operations,Admin,Low
880,Emp_880,HR,Engineer,High
881,Emp_881,Security,Manager,Low
882,Emp_882,Operations,Admin,Medium
883,Emp_883,HR,Admin,Medium
884,Emp_884,HR,Manager,Medium
885,Emp_885,IT,Admin,Low
886,Emp_886,Finance,Admin,Low
887,Emp_887,Finance,Engineer,Low
888,Emp_888,Operations,Analyst,Low
889,Emp_889,Finance,Analyst,Medium
890,Emp_890,Security,Analyst,High
891,Emp_891,Finance,Analyst,High
892,Emp_892,Operations,Admin,Medium
893,Emp_893,Finance,Manager,Medium
894,Emp_894,Security,Manager,Medium
895,Emp_895,IT,Engineer,Low
896,Emp_896,Operations,Engineer,High
897,Emp_897,IT,Admin,Medium
898,Emp_898,IT,Manager,Medium
899,Emp_899,IT,Manager,Low
900,Emp_900,HR,Analyst,Low
901,Emp_901,HR,Admin,Low
902,Emp_902,IT,Admin,High
903,Emp_903,Operations,Analyst,Medium
904,Emp_904,Security,Admin,Low
905,Emp_905,Security,Admin,High
906,Emp_906,Finance,Engineer,Low
907,Emp_907,Operations,Manager,Low
908,Emp_908,HR,Admin,Low
909,Emp_909,IT,Engineer,Medium
910,Emp_910,Finance,Manager,High
911,Emp_911,Security,Analyst,Low
912,Emp_912,HR,Engineer,High
913,Emp_913,HR,Engineer,Low
914,Emp_914,IT,Manager,High
915,Emp_915,Security,Analyst,Medium
916,Emp_916,Operations,Engineer,High
917,Emp_917,HR,Admin,Low
918,Emp_918,IT,Admin,High
919,Emp_919,Operations,Admin,Medium
920,Emp_920,Security,Analyst,Low
921,Emp_921,HR,Engineer,High
922,Emp_922,Operations,Admin,Low
923,Emp_923,Operations,Analyst,High
924,Emp_924,Operations,Admin,Low
925,Emp_925,HR,Manager,Medium
926,Emp_926,HR,Engineer,Medium
927,Emp_927,Finance,Engineer,Low
928,Emp_928,Security,Analyst,Low
929,Emp_929,IT,Analyst,Low
930,Emp_930,Operations,Engineer,Low
931,Emp_931,Finance,Admin,Low
932,Emp_932,IT,Admin,Medium
933,Emp_933,Finance,Manager,Low
934,Emp_934,HR,Admin,Low
935,Emp_935,Operations,Analyst,Medium
936,Emp_936,IT,Analyst,Low
937,Emp_937,IT,Admin,High
938,Emp_938,IT,Analyst,High
939,Emp_939,IT,Engineer,Medium
940,Emp_940,IT,Engineer,Medium
941,Emp_941,Finance,Admin,High
942,Emp_942,Operations,Engineer,Low
943,Emp_943,HR,Engineer,Low
944,Emp_944,HR,Manager,Low
945,Emp_945,HR,Manager,Medium
946,Emp_946,HR,Engineer,Low
947,Emp_947,Finance,Admin,Medium
948,Emp_948,Security,Manager,High
949,Emp_949,Operations,Analyst,High
950,Emp_950,IT,Analyst,Medium
951,Emp_951,Security,Analyst,Low
952,Emp_952,HR,Admin,High
953,Emp_953,Security,Engineer,Medium
954,Emp_954,Operations,Analyst,Low
955,Emp_955,IT,Admin,Low
956,Emp_956,IT,Manager,High
957,Emp_957,Operations,Engineer,Medium
958,Emp_958,Operations,Manager,High
959,Emp_959,HR,Admin,High
960,Emp_960,IT,Analyst,Medium
961,Emp_961,Security,Analyst,Medium
962,Emp_962,Finance,Admin,Low
963,Emp_963,Finance,Analyst,Low
964,Emp_964,Operations,Engineer,Low
965,Emp_965,HR,Admin,Medium
966,Emp_966,Finance,Manager,Medium
967,Emp_967,IT,Admin,High
968,Emp_968,Operations,Engineer,Low
969,Emp_969,Security,Engineer,Medium
970,Emp_970,Operations,Admin,Medium
971,Emp_971,Security,Admin,Medium
972,Emp_972,Operations,Analyst,Medium
973,Emp_973,Operations,Engineer,Low
974,Emp_974,Operations,Admin,Medium
975,Emp_975,Security,Admin,Low
976,Emp_976,Security,Engineer,Low
977,Emp_977,Operations,Admin,Low
978,Emp_978,Finance,Analyst,Medium
979,Emp_979,HR,Engineer,High
980,Emp_980,HR,Analyst,Medium
981,Emp_981,HR,Analyst,Medium
982,Emp_982,Security,Analyst,Medium
983,Emp_983,Security,Analyst,Medium
984,Emp_984,Finance,Engineer,Low
985,Emp_985,HR,Analyst,Low
986,Emp_986,HR,Analyst,Low
987,Emp_987,Operations,Admin,Low
988,Emp_988,Security,Engineer,Low
989,Emp_989,HR,Engineer,Low
990,Emp_990,Finance,Manager,Low
991,Emp_991,Finance,Engineer,High
992,Emp_992,HR,Engineer,Low
993,Emp_993,Security,Manager,Low
994,Emp_994,Finance,Engineer,Low
995,Emp_995,Operations,Engineer,Medium
996,Emp_996,Finance,Engineer,Low
997,Emp_997,IT,Engineer,Low
998,Emp_998,IT,Manager,Medium
999,Emp_999,Security,Engineer,Low
1000,Emp_1000,HR,Engineer,Low
